{"text": " you you", "segments": [{"id": 0, "seek": 0, "start": 0.0, "end": 2.06, "text": " you", "tokens": [50364, 291, 50467], "temperature": 0.0, "avg_logprob": -0.4985455572605133, "compression_ratio": 0.2727272727272727, "no_speech_prob": 0.937696635723114}, {"id": 1, "seek": 3000, "start": 30.0, "end": 32.06, "text": " you", "tokens": [50364, 291, 50467], "temperature": 0.0, "avg_logprob": -0.8524678349494934, "compression_ratio": 0.2727272727272727, "no_speech_prob": 0.8488426804542542}], "language": "en"}