{"text": " Atmospheric pressure 3, 2, 1 Vacuum 3, 2, 1", "segments": [{"id": 0, "seek": 0, "start": 0.0, "end": 16.4, "text": " Atmospheric pressure 3, 2, 1 Vacuum 3, 2, 1", "tokens": [50364, 1711, 76, 25145, 3321, 805, 11, 568, 11, 502, 44442, 12823, 805, 11, 568, 11, 502, 51184], "temperature": 0.0, "avg_logprob": -0.5947461379201788, "compression_ratio": 0.9772727272727273, "no_speech_prob": 0.3427585959434509}], "language": "en"}