{"text": " Welcome. My name's David Wood and I'm here to talk about the case for singularity activism. This is actually a version of a talk I gave a couple of days ago, on the 29th of April, to a meeting of London Futurists at Birkbeck College. It was a well-received talk, but that event was not recorded. So I'm now sharing an updated version of this talk, which in some ways is improved, because it benefits from feedback during the meeting itself, more feedback during the after the event discussion in a nearby pub, the Marlborough Arms, and yet more feedback which I've received via email and social media. This topic of the singularity and singularity activism is arguably the most important topic that London Futurists has ever discussed. Now, we've discussed pop.", "segments": [{"id": 0, "seek": 0, "start": 0.0, "end": 12.08, "text": " Welcome. My name's David Wood and I'm here to talk about the case for singularity activism.", "tokens": [50364, 4027, 13, 1222, 1315, 311, 4389, 11558, 293, 286, 478, 510, 281, 751, 466, 264, 1389, 337, 20010, 507, 29040, 13, 50968], "temperature": 0.0, "avg_logprob": -0.1546328495710324, "compression_ratio": 1.355, "no_speech_prob": 0.0744493156671524}, {"id": 1, "seek": 0, "start": 12.08, "end": 17.92, "text": " This is actually a version of a talk I gave a couple of days ago, on the 29th of April,", "tokens": [50968, 639, 307, 767, 257, 3037, 295, 257, 751, 286, 2729, 257, 1916, 295, 1708, 2057, 11, 322, 264, 9413, 392, 295, 6929, 11, 51260], "temperature": 0.0, "avg_logprob": -0.1546328495710324, "compression_ratio": 1.355, "no_speech_prob": 0.0744493156671524}, {"id": 2, "seek": 0, "start": 17.92, "end": 25.64, "text": " to a meeting of London Futurists at Birkbeck College. It was a well-received talk, but that", "tokens": [51260, 281, 257, 3440, 295, 7042, 16569, 374, 1751, 412, 7145, 74, 650, 547, 6745, 13, 467, 390, 257, 731, 12, 44209, 3194, 751, 11, 457, 300, 51646], "temperature": 0.0, "avg_logprob": -0.1546328495710324, "compression_ratio": 1.355, "no_speech_prob": 0.0744493156671524}, {"id": 3, "seek": 2564, "start": 25.64, "end": 32.480000000000004, "text": " event was not recorded. So I'm now sharing an updated version of this talk, which in some ways", "tokens": [50364, 2280, 390, 406, 8287, 13, 407, 286, 478, 586, 5414, 364, 10588, 3037, 295, 341, 751, 11, 597, 294, 512, 2098, 50706], "temperature": 0.0, "avg_logprob": -0.18704330559932825, "compression_ratio": 1.559782608695652, "no_speech_prob": 0.011242886073887348}, {"id": 4, "seek": 2564, "start": 32.480000000000004, "end": 40.16, "text": " is improved, because it benefits from feedback during the meeting itself, more feedback during", "tokens": [50706, 307, 9689, 11, 570, 309, 5311, 490, 5824, 1830, 264, 3440, 2564, 11, 544, 5824, 1830, 51090], "temperature": 0.0, "avg_logprob": -0.18704330559932825, "compression_ratio": 1.559782608695652, "no_speech_prob": 0.011242886073887348}, {"id": 5, "seek": 2564, "start": 40.16, "end": 47.6, "text": " the after the event discussion in a nearby pub, the Marlborough Arms, and yet more feedback which", "tokens": [51090, 264, 934, 264, 2280, 5017, 294, 257, 11184, 1535, 11, 264, 2039, 75, 24987, 42561, 11, 293, 1939, 544, 5824, 597, 51462], "temperature": 0.0, "avg_logprob": -0.18704330559932825, "compression_ratio": 1.559782608695652, "no_speech_prob": 0.011242886073887348}, {"id": 6, "seek": 4760, "start": 47.6, "end": 57.04, "text": " I've received via email and social media. This topic of the singularity and singularity", "tokens": [50364, 286, 600, 4613, 5766, 3796, 293, 2093, 3021, 13, 639, 4829, 295, 264, 20010, 507, 293, 20010, 507, 50836], "temperature": 0.0, "avg_logprob": -0.1707433405376616, "compression_ratio": 1.3533834586466165, "no_speech_prob": 0.09207086265087128}, {"id": 7, "seek": 4760, "start": 57.04, "end": 65.36, "text": " activism is arguably the most important topic that London Futurists has ever discussed. Now,", "tokens": [50836, 29040, 307, 26771, 264, 881, 1021, 4829, 300, 7042, 16569, 374, 1751, 575, 1562, 7152, 13, 823, 11, 51252], "temperature": 0.0, "avg_logprob": -0.1707433405376616, "compression_ratio": 1.3533834586466165, "no_speech_prob": 0.09207086265087128}, {"id": 8, "seek": 6536, "start": 65.36, "end": 66.56, "text": " we've discussed pop.", "tokens": [50364, 321, 600, 7152, 1665, 13, 50424], "temperature": 0.0, "avg_logprob": -0.5862089395523071, "compression_ratio": 0.7142857142857143, "no_speech_prob": 0.8712692260742188}], "language": "en"}