{"text": " You", "segments": [{"id": 0, "seek": 3000, "start": 30.0, "end": 32.0, "text": " You", "tokens": [50364, 509, 50464], "temperature": 0.0, "avg_logprob": -0.8502323627471924, "compression_ratio": 0.2727272727272727, "no_speech_prob": 0.7823576927185059}], "language": "en"}