{"text": " Okay, this is gonna", "segments": [{"id": 0, "seek": 0, "start": 0.0, "end": 2.0, "text": " Okay, this is gonna", "tokens": [50364, 1033, 11, 341, 307, 799, 50464], "temperature": 0.0, "avg_logprob": -0.5029853582382202, "compression_ratio": 0.76, "no_speech_prob": 0.11567150801420212}], "language": "en"}