{"text": " I'm sorry, I'm sorry, I'm sorry, I'm sorry, I'm sorry, I'm sorry, I'm sorry.", "segments": [{"id": 0, "seek": 12000, "start": 120.0, "end": 127.0, "text": " I'm sorry, I'm sorry, I'm sorry, I'm sorry, I'm sorry, I'm sorry, I'm sorry.", "tokens": [50364, 286, 478, 2597, 11, 286, 478, 2597, 11, 286, 478, 2597, 11, 286, 478, 2597, 11, 286, 478, 2597, 11, 286, 478, 2597, 11, 286, 478, 2597, 13, 50714], "temperature": 0.0, "avg_logprob": -0.8684045730098602, "compression_ratio": 3.3043478260869565, "no_speech_prob": 0.7986243963241577}], "language": "en"}