{"text": " Let's learn the Lord's prayer in the Native American language. The Lord's prayer in the Native American language. The Lord's prayer in the Native American language.", "segments": [{"id": 0, "seek": 0, "start": 0.0, "end": 10.0, "text": " Let's learn the Lord's prayer in the Native American language.", "tokens": [50364, 961, 311, 1466, 264, 3257, 311, 8767, 294, 264, 15093, 2665, 2856, 13, 50864], "temperature": 0.0, "avg_logprob": -0.6084485054016113, "compression_ratio": 0.96875, "no_speech_prob": 0.23631493747234344}, {"id": 1, "seek": 3000, "start": 30.0, "end": 54.0, "text": " The Lord's prayer in the Native American language.", "tokens": [50364, 440, 3257, 311, 8767, 294, 264, 15093, 2665, 2856, 13, 51564], "temperature": 0.0, "avg_logprob": -0.706742354801723, "compression_ratio": 0.8771929824561403, "no_speech_prob": 0.9527131915092468}, {"id": 2, "seek": 5400, "start": 54.0, "end": 66.0, "text": " The Lord's prayer in the Native American language.", "tokens": [50364, 440, 3257, 311, 8767, 294, 264, 15093, 2665, 2856, 13, 50964], "temperature": 0.0, "avg_logprob": -0.20070263055654672, "compression_ratio": 0.8771929824561403, "no_speech_prob": 0.9418075084686279}], "language": "en"}