{"text": " hello it's John back again I was talking to another teacher recently he was talking about singing to start their videos going for a door of the Explorer feel but I like you guys I'm gonna", "segments": [{"id": 0, "seek": 0, "start": 0.0, "end": 5.46, "text": " hello it's John back again I was talking to another teacher recently he was", "tokens": [50364, 7751, 309, 311, 2619, 646, 797, 286, 390, 1417, 281, 1071, 5027, 3938, 415, 390, 50637], "temperature": 0.0, "avg_logprob": -0.284960683186849, "compression_ratio": 1.406015037593985, "no_speech_prob": 0.11914651095867157}, {"id": 1, "seek": 0, "start": 5.46, "end": 11.3, "text": " talking about singing to start their videos going for a door of the Explorer", "tokens": [50637, 1417, 466, 6726, 281, 722, 641, 2145, 516, 337, 257, 2853, 295, 264, 31895, 50929], "temperature": 0.0, "avg_logprob": -0.284960683186849, "compression_ratio": 1.406015037593985, "no_speech_prob": 0.11914651095867157}, {"id": 2, "seek": 0, "start": 11.3, "end": 17.46, "text": " feel but I like you guys I'm gonna", "tokens": [50929, 841, 457, 286, 411, 291, 1074, 286, 478, 799, 51237], "temperature": 0.0, "avg_logprob": -0.284960683186849, "compression_ratio": 1.406015037593985, "no_speech_prob": 0.11914651095867157}], "language": "en"}