{"text": " One, two, three, four, five, six, seven, eight. 3, 4, 3, 2, 1. Thank you. One, two, three.", "segments": [{"id": 0, "seek": 0, "start": 0.0, "end": 22.82, "text": " One, two, three, four, five, six, seven, eight.", "tokens": [50364, 1485, 11, 732, 11, 1045, 11, 1451, 11, 1732, 11, 2309, 11, 3407, 11, 3180, 13, 51505], "temperature": 0.6000000000000001, "avg_logprob": -0.7204168319702149, "compression_ratio": 0.9791666666666666, "no_speech_prob": 0.5372819900512695}, {"id": 1, "seek": 2282, "start": 22.82, "end": 40.94, "text": " 3, 4, 3, 2, 1.", "tokens": [50364, 805, 11, 1017, 11, 805, 11, 568, 11, 502, 13, 51270], "temperature": 1.0, "avg_logprob": -1.1971635818481445, "compression_ratio": 0.6363636363636364, "no_speech_prob": 0.5259356498718262}, {"id": 2, "seek": 4094, "start": 40.94, "end": 70.22, "text": " Thank you.", "tokens": [50364, 1044, 291, 13, 51828], "temperature": 0.0, "avg_logprob": -0.9876452287038168, "compression_ratio": 0.5555555555555556, "no_speech_prob": 0.23890088498592377}, {"id": 3, "seek": 7094, "start": 70.94, "end": 94.14, "text": " One, two, three.", "tokens": [50364, 1485, 11, 732, 11, 1045, 13, 51524], "temperature": 0.2, "avg_logprob": -0.9166866938273112, "compression_ratio": 0.7272727272727273, "no_speech_prob": 0.5902664065361023}], "language": "en"}