{"text": " Hi, Ron. How's it going? Hi, Michael. It's going well. Good to talk to you again. It's been a couple years, but... Now, are you out of the skeptical business altogether now? No, certainly not entirely. I have a status as the senior research fellow at the Center for Inquiry, which is essentially an honorary title. It doesn't involve any compensation or anything like that. I do write for the magazine from time to time. That is for free inquiry. I have written a couple of times for a skeptical inquirer. Actually, recently, I was again asked to take on actual legal duties for the Center for Inquiry. Their general counsel, Nick Little, resigned somewhat unexpectedly in October. They had some ongoing litigation, so they asked me to step in on a temporary basis. So, I'm doing that. In addition, in recent years, I've become affiliated...", "segments": [{"id": 0, "seek": 0, "start": 0.0, "end": 5.68, "text": " Hi, Ron. How's it going? Hi, Michael. It's going well. Good to talk to you again. It's been a couple", "tokens": [50364, 2421, 11, 9949, 13, 1012, 311, 309, 516, 30, 2421, 11, 5116, 13, 467, 311, 516, 731, 13, 2205, 281, 751, 281, 291, 797, 13, 467, 311, 668, 257, 1916, 50648], "temperature": 0.0, "avg_logprob": -0.136627026689731, "compression_ratio": 1.6182432432432432, "no_speech_prob": 0.02673320472240448}, {"id": 1, "seek": 0, "start": 5.68, "end": 12.32, "text": " years, but... Now, are you out of the skeptical business altogether now? No, certainly not entirely.", "tokens": [50648, 924, 11, 457, 485, 823, 11, 366, 291, 484, 295, 264, 28601, 1606, 19051, 586, 30, 883, 11, 3297, 406, 7696, 13, 50980], "temperature": 0.0, "avg_logprob": -0.136627026689731, "compression_ratio": 1.6182432432432432, "no_speech_prob": 0.02673320472240448}, {"id": 2, "seek": 0, "start": 13.68, "end": 18.8, "text": " I have a status as the senior research fellow at the Center for Inquiry, which is essentially", "tokens": [51048, 286, 362, 257, 6558, 382, 264, 7965, 2132, 7177, 412, 264, 5169, 337, 682, 358, 12781, 11, 597, 307, 4476, 51304], "temperature": 0.0, "avg_logprob": -0.136627026689731, "compression_ratio": 1.6182432432432432, "no_speech_prob": 0.02673320472240448}, {"id": 3, "seek": 0, "start": 18.8, "end": 22.400000000000002, "text": " an honorary title. It doesn't involve any compensation or anything like that. I do write", "tokens": [51304, 364, 49365, 4876, 13, 467, 1177, 380, 9494, 604, 19644, 420, 1340, 411, 300, 13, 286, 360, 2464, 51484], "temperature": 0.0, "avg_logprob": -0.136627026689731, "compression_ratio": 1.6182432432432432, "no_speech_prob": 0.02673320472240448}, {"id": 4, "seek": 0, "start": 22.400000000000002, "end": 27.28, "text": " for the magazine from time to time. That is for free inquiry. I have written a couple of times", "tokens": [51484, 337, 264, 11332, 490, 565, 281, 565, 13, 663, 307, 337, 1737, 25736, 13, 286, 362, 3720, 257, 1916, 295, 1413, 51728], "temperature": 0.0, "avg_logprob": -0.136627026689731, "compression_ratio": 1.6182432432432432, "no_speech_prob": 0.02673320472240448}, {"id": 5, "seek": 2728, "start": 27.28, "end": 37.36, "text": " for a skeptical inquirer. Actually, recently, I was again asked to take on actual legal duties", "tokens": [50364, 337, 257, 28601, 13570, 347, 260, 13, 5135, 11, 3938, 11, 286, 390, 797, 2351, 281, 747, 322, 3539, 5089, 20910, 50868], "temperature": 0.0, "avg_logprob": -0.1493345148423139, "compression_ratio": 1.4467005076142132, "no_speech_prob": 0.025550272315740585}, {"id": 6, "seek": 2728, "start": 37.36, "end": 43.92, "text": " for the Center for Inquiry. Their general counsel, Nick Little, resigned somewhat unexpectedly in", "tokens": [50868, 337, 264, 5169, 337, 682, 358, 12781, 13, 6710, 2674, 10351, 11, 9449, 8022, 11, 41180, 8344, 40452, 294, 51196], "temperature": 0.0, "avg_logprob": -0.1493345148423139, "compression_ratio": 1.4467005076142132, "no_speech_prob": 0.025550272315740585}, {"id": 7, "seek": 2728, "start": 43.92, "end": 49.040000000000006, "text": " October. They had some ongoing litigation, so they asked me to step in on a temporary basis.", "tokens": [51196, 7617, 13, 814, 632, 512, 10452, 33359, 11, 370, 436, 2351, 385, 281, 1823, 294, 322, 257, 13413, 5143, 13, 51452], "temperature": 0.0, "avg_logprob": -0.1493345148423139, "compression_ratio": 1.4467005076142132, "no_speech_prob": 0.025550272315740585}, {"id": 8, "seek": 4904, "start": 49.04, "end": 54.0, "text": " So, I'm doing that. In addition, in recent years, I've become affiliated...", "tokens": [50368, 407, 11, 286, 478, 884, 300, 13, 682, 4500, 11, 294, 5162, 924, 11, 286, 600, 1813, 42174, 485, 50612], "temperature": 0.0, "avg_logprob": -0.2952931360764937, "compression_ratio": 0.9868421052631579, "no_speech_prob": 0.4527246654033661}], "language": "en"}