{"text": " Thank you.", "segments": [{"id": 0, "seek": 0, "start": 0.0, "end": 4.08, "text": " Thank you.", "tokens": [50364, 1044, 291, 13, 50568], "temperature": 0.0, "avg_logprob": -0.9683534304300944, "compression_ratio": 0.5555555555555556, "no_speech_prob": 0.5504405498504639}], "language": "en"}