{"text": " Hi folks, if you own a midi pad like this, which I found on eBay for 15 bucks and you want to do stuff like this, hey, OBS started and switches scenes, you'll", "segments": [{"id": 0, "seek": 0, "start": 0.0, "end": 9.0, "text": " Hi folks, if you own a midi pad like this, which I found on eBay for 15 bucks and you", "tokens": [50364, 2421, 4024, 11, 498, 291, 1065, 257, 2062, 72, 6887, 411, 341, 11, 597, 286, 1352, 322, 33803, 337, 2119, 11829, 293, 291, 50814], "temperature": 0.0, "avg_logprob": -0.3617229876310929, "compression_ratio": 1.264, "no_speech_prob": 0.07507098466157913}, {"id": 1, "seek": 0, "start": 9.0, "end": 17.240000000000002, "text": " want to do stuff like this, hey, OBS started and switches scenes, you'll", "tokens": [50814, 528, 281, 360, 1507, 411, 341, 11, 4177, 11, 422, 8176, 1409, 293, 19458, 8026, 11, 291, 603, 51226], "temperature": 0.0, "avg_logprob": -0.3617229876310929, "compression_ratio": 1.264, "no_speech_prob": 0.07507098466157913}], "language": "en"}