{"text": " Now, welcome to this section on my lectures on Python. We're going to look at SimPy, symbolic Python. It is a computer algebra system and is a wonderful tool to do mathematics with. Let's have a look.", "segments": [{"id": 0, "seek": 0, "start": 0.0, "end": 10.86, "text": " Now, welcome to this section on my lectures on Python. We're going to look at SimPy, symbolic", "tokens": [50364, 823, 11, 2928, 281, 341, 3541, 322, 452, 16564, 322, 15329, 13, 492, 434, 516, 281, 574, 412, 3998, 47, 88, 11, 25755, 50907], "temperature": 0.0, "avg_logprob": -0.34135112356632313, "compression_ratio": 1.3115942028985508, "no_speech_prob": 0.10230803489685059}, {"id": 1, "seek": 0, "start": 10.86, "end": 17.2, "text": " Python. It is a computer algebra system and is a wonderful tool to do mathematics with.", "tokens": [50907, 15329, 13, 467, 307, 257, 3820, 21989, 1185, 293, 307, 257, 3715, 2290, 281, 360, 18666, 365, 13, 51224], "temperature": 0.0, "avg_logprob": -0.34135112356632313, "compression_ratio": 1.3115942028985508, "no_speech_prob": 0.10230803489685059}, {"id": 2, "seek": 1720, "start": 17.2, "end": 19.2, "text": " Let's have a look.", "tokens": [50364, 961, 311, 362, 257, 574, 13, 50464], "temperature": 0.0, "avg_logprob": -0.9164918263753256, "compression_ratio": 0.6923076923076923, "no_speech_prob": 0.9076717495918274}], "language": "en"}