{"text": " If you're a developer, you've probably heard by now about GitHub Copilot. For anybody who's played AI Dungeon, Copilot uses the same...", "segments": [{"id": 0, "seek": 0, "start": 0.0, "end": 3.2800000000000002, "text": " If you're a developer, you've probably heard by now about GitHub Copilot.", "tokens": [50364, 759, 291, 434, 257, 10754, 11, 291, 600, 1391, 2198, 538, 586, 466, 23331, 11579, 31516, 13, 50528], "temperature": 0.0, "avg_logprob": -0.24629912505278717, "compression_ratio": 1.1946902654867257, "no_speech_prob": 0.027841918170452118}, {"id": 1, "seek": 0, "start": 4.24, "end": 7.36, "text": " For anybody who's played AI Dungeon, Copilot uses the same...", "tokens": [50576, 1171, 4472, 567, 311, 3737, 7318, 11959, 11641, 11, 11579, 31516, 4960, 264, 912, 485, 50732], "temperature": 0.0, "avg_logprob": -0.24629912505278717, "compression_ratio": 1.1946902654867257, "no_speech_prob": 0.027841918170452118}], "language": "en"}